{"options":{},"indexes":[{"v":2,"key":{"_id":1},"name":"_id_","ns":"heroku_fxkgmlz5.characters"},{"v":2,"key":{"Name":1},"name":"Name_1","ns":"heroku_fxkgmlz5.characters","background":true},{"v":2,"key":{"_fts":"text","_ftsx":1},"name":"$**_text","ns":"heroku_fxkgmlz5.characters","default_language":"english","language_override":"language","background":true,"weights":{"$**":1},"textIndexVersion":3},{"v":2,"key":{"name":1},"name":"name_1","ns":"heroku_fxkgmlz5.characters","background":true}],"uuid":"31294be05b1744e18631f5e07ba159a0"}